File Name,System Number,Function Code,Loop Sequence,Tagname
A-11_30-1A-HM-C78-00027_33_001.PDF [Page 1],13,HZX,0112,13-HZX-0112
A-11_30-1A-HM-C78-00027_33_001.PDF [Page 1],13,HZX,0116,13-HZX-0116
A-11_30-1A-HM-C78-00027_33_001.PDF [Page 1],13,EV,0112,13-EV-0112
A-11_30-1A-HM-C78-00027_33_001.PDF [Page 1],13,EV,0116,13-EV-0116
A-11_30-1A-HM-C78-00027_33_001.PDF [Page 1],13,PZI,0114,13-PZI-0114
A-11_30-1A-HM-C78-00027_33_001.PDF [Page 1],13,PI,1111,13-PI-1111
A-11_30-1A-HM-C78-00027_33_001.PDF [Page 1],13,PI,1115,13-PI-1115
A-11_30-1A-HM-C78-00027_33_001.PDF [Page 1],13,PIT,0113,13-PIT-0113
A-11_30-1A-HM-C78-00027_33_001.PDF [Page 1],13,HZX,0111,13-HZX-0111
A-11_30-1A-HM-C78-00027_33_001.PDF [Page 1],13,EV,0111,13-EV-0111
A-11_30-1A-HM-C78-00027_33_001.PDF [Page 1],13,AH,0116,13-AH-0116
A-11_30-1A-HM-C78-00027_33_001.PDF [Page 1],13,HV,0117,13-HV-0117
A-11_30-1A-HM-C78-00027_33_001.PDF [Page 1],13,EV,0110,13-EV-0110
A-11_30-1A-HM-C78-00027_33_001.PDF [Page 1],13,HV,0116,13-HV-0116
A-11_30-1A-HM-C78-00027_33_001.PDF [Page 1],13,HV,0117,13-HV-0117
A-11_30-1A-HM-C78-00027_33_001.PDF [Page 1],13,HIY,0112,13-HIY-0112
A-11_30-1A-HM-C78-00027_33_001.PDF [Page 1],13,PZT,0114,13-PZT-0114
A-11_30-1A-HM-C78-00027_33_001.PDF [Page 1],13,HV,0112,13-HV-0112
A-11_30-1A-HM-C78-00027_33_001.PDF [Page 1],13,PI,1111,13-PI-1111
A-11_30-1A-HM-C78-00027_33_001.PDF [Page 1],13,PZT,0113,13-PZT-0113
A-11_30-1A-HM-C78-00027_33_001.PDF [Page 1],13,PZI,0113,13-PZI-0113
A-11_30-1A-HM-C78-00027_33_001.PDF [Page 1],13,QI,0117,13-QI-0117
A-11_30-1A-HM-C78-00027_33_001.PDF [Page 1],13,HZX,0117,13-HZX-0117
A-11_30-1A-HM-C78-00027_33_001.PDF [Page 1],13,HZX,0115,13-HZX-0115
A-11_30-1A-HM-C78-00027_33_001.PDF [Page 1],13,EV,0115,13-EV-0115
A-11_30-1A-HM-C78-00027_33_001.PDF [Page 1],13,QT,0117,13-QT-0117
A-11_30-1A-HM-C78-00027_33_001.PDF [Page 1],13,TI,1114,13-TI-1114
A-11_30-1A-HM-C78-00027_33_001.PDF [Page 1],13,EV,0113,13-EV-0113
A-11_30-1A-HM-C78-00027_33_001.PDF [Page 1],13,PI,0112,13-PI-0112
A-11_30-1A-HM-C78-00027_33_001.PDF [Page 1],13,XZH,0110,13-XZH-0110
A-11_30-1A-HM-C78-00027_33_001.PDF [Page 1],13,PI,0110,13-PI-0110
A-11_30-1A-HM-C78-00027_33_001.PDF [Page 1],13,EV,0110,13-EV-0110
A-11_30-1A-HM-C78-00027_33_001.PDF [Page 1],13,FCV,1110,13-FCV-1110
A-11_30-1A-HM-C78-00027_33_001.PDF [Page 1],13,FI,2111,13-FI-2111
A-11_30-1A-HM-C78-00027_33_001.PDF [Page 1],13,PI,0110,13-PI-0110
A-11_30-1A-HM-C78-00027_33_001.PDF [Page 1],13,TT,0116,13-TT-0116
A-11_30-1A-HM-C78-00027_33_001.PDF [Page 1],13,PI,1111,13-PI-1111
A-11_30-1A-HM-C78-00027_33_001.PDF [Page 1],13,TI,1112,13-TI-1112
A-11_30-1A-HM-C78-00027_33_001.PDF [Page 1],13,PT,0117,13-PT-0117
A-11_30-1A-HM-C78-00027_33_001.PDF [Page 1],13,TI,0114,13-TI-0114
A-11_30-1A-HM-C78-00027_33_001.PDF [Page 1],13,FIC,0111,13-FIC-0111
A-11_30-1A-HM-C78-00027_33_001.PDF [Page 1],13,FIQ,0111,13-FIQ-0111
A-11_30-1A-HM-C78-00027_33_001.PDF [Page 1],13,FT,0111,13-FT-0111
